from,to,hops,route
Amit,Arjun,4,"[Amit, Rahul, Priya, Neha, Arjun]"
Amit,Meera,4,"[Amit, Rahul, Priya, Neha, Meera]"
Karan,Meera,4,"[Karan, Rahul, Priya, Neha, Meera]"
Arjun,Karan,4,"[Arjun, Neha, Priya, Rahul, Karan]"
Amit,Neha,3,"[Amit, Rahul, Priya, Neha]"
Amit,Sneha,3,"[Amit, Rahul, Priya, Sneha]"
Karan,Neha,3,"[Karan, Rahul, Priya, Neha]"
Karan,Sneha,3,"[Karan, Rahul, Priya, Sneha]"
Arjun,Rahul,3,"[Arjun, Neha, Priya, Rahul]"
Meera,Rahul,3,"[Meera, Neha, Priya, Rahul]"
Rahul,Sneha,2,"[Rahul, Priya, Sneha]"
Amit,Priya,2,"[Amit, Rahul, Priya]"
Neha,Rahul,2,"[Neha, Priya, Rahul]"
Neha,Sneha,2,"[Neha, Arjun, Sneha]"
Karan,Priya,2,"[Karan, Rahul, Priya]"
Arjun,Priya,2,"[Arjun, Neha, Priya]"
Meera,Priya,2,"[Meera, Neha, Priya]"
Meera,Sneha,2,"[Meera, Arjun, Sneha]"
Priya,Rahul,1,"[Priya, Rahul]"
Priya,Sneha,1,"[Priya, Sneha]"
Amit,Rahul,1,"[Amit, Rahul]"
Amit,Karan,1,"[Amit, Karan]"
Neha,Priya,1,"[Neha, Priya]"
Karan,Rahul,1,"[Karan, Rahul]"
Arjun,Neha,1,"[Arjun, Neha]"
Arjun,Sneha,1,"[Arjun, Sneha]"
Arjun,Meera,1,"[Arjun, Meera]"
Meera,Neha,1,"[Meera, Neha]"